City_ID,City,Latitude,Longitude,Max Temp,Humidity,Cloudiness,Wind Speed,Country,Date
0,adamstown,-25.066,-130.1015,25.45,78,78,5.87,PN,1742078993
1,bethel,41.3712,-73.414,8.14,86,100,3.09,US,1742078994
2,oranjemund,-28.55,16.4333,16.66,89,1,1.19,,1742078995
3,arraial do cabo,-22.9661,-42.0278,25.22,87,60,5.44,BR,1742078996
4,puerto ayora,-0.7393,-90.3518,27.38,75,39,1.53,EC,1742078997
5,ilebo,-4.3167,20.5833,21.79,87,98,0.61,CD,1742078998
6,port-aux-francais,-49.35,70.2167,5.29,60,14,9.74,TF,1742078999
7,fuller heights,27.9092,-81.9981,30.06,49,40,5.14,US,1742079000
8,gadzhiyevo,69.2551,33.3362,-6.89,86,100,2.57,RU,1742079001
9,nar'yan-mar,67.6713,53.087,-9.7,87,99,8.27,RU,1742079002
10,hadibu,12.65,54.0333,24.93,83,0,2.84,YE,1742079003
11,thompson,55.7435,-97.8558,-13.91,72,100,7.2,CA,1742079004
12,waitangi,-43.9535,-176.5597,16.08,89,0,4.49,NZ,1742079005
13,gulu,2.7746,32.299,24.49,43,56,1.99,UG,1742079006
14,iqaluit,63.7506,-68.5145,-21.84,63,75,0.0,CA,1742079007
15,hermanus,-34.4187,19.2345,18.76,91,44,2.17,ZA,1742079008
16,bikenibeu village,1.3673,173.1241,29.98,74,20,6.69,KI,1742079009
17,blackmans bay,-43.0167,147.3167,14.18,90,86,8.18,AU,1742079010
18,minas de matahambre,22.5887,-83.9447,26.78,68,0,5.68,CU,1742079012
19,norwich,52.6278,1.2983,1.29,86,3,1.03,GB,1742079013
20,i-n-salah,27.1935,2.4607,22.47,23,0,4.03,DZ,1742079014
21,sitka,57.0531,-135.33,5.94,42,20,2.06,US,1742079015
22,hasaki,35.7333,140.8333,10.8,86,100,10.18,JP,1742079016
23,west island,-12.1568,96.8225,26.99,94,100,4.12,CC,1742079017
24,gonabad,34.3529,58.6837,12.26,17,0,0.97,IR,1742079018
25,albany,42.6001,-73.9662,10.23,77,86,1.79,US,1742079019
26,east london,-33.0153,27.9116,21.99,80,100,9.21,ZA,1742079020
27,qamdo,31.1667,97.2333,-2.41,65,100,3.29,CN,1742079021
28,phan rang-thap cham,11.5667,108.9833,22.54,94,37,1.72,VN,1742079022
29,la passe,45.5549,-0.8967,4.39,83,100,3.08,FR,1742079023
30,yellowknife,62.456,-114.3525,-16.71,46,40,1.54,CA,1742079024
31,kone,-21.0595,164.8658,29.1,72,88,2.78,NC,1742079025
32,college,64.8569,-147.8028,-6.96,44,75,2.06,US,1742079026
33,crucecita,-28.95,-58.9833,23.65,37,18,3.11,AR,1742079027
34,dudinka,69.4058,86.1778,0.3,97,100,13.49,RU,1742079028
35,birao,10.2849,22.7882,26.02,14,37,2.63,CF,1742079029
36,invercargill,-46.4,168.35,21.68,56,68,3.58,NZ,1742079031
37,robore,-18.3333,-59.75,29.05,79,40,0.0,BO,1742079032
38,polyarnyy,69.1989,33.4478,-7.87,91,100,2.25,RU,1742079033
39,nova aurora,-22.8667,-52.5667,24.46,55,65,4.5,BR,1742079034
40,papatowai,-46.5619,169.4708,20.3,54,12,1.35,NZ,1742079035
41,arteche,12.2645,125.4048,26.03,88,99,0.39,PH,1742079036
42,edinburgh of the seven seas,-37.0676,-12.3116,15.05,62,70,5.73,SH,1742079037
43,udachny,66.4167,112.4,-9.81,93,100,7.18,RU,1742079038
44,kijang,35.2442,129.2139,5.85,75,100,4.15,KR,1742078882
45,tikrit,34.6071,43.6782,20.3,34,1,2.8,IQ,1742079040
46,puerto natales,-51.7236,-72.4875,14.25,47,20,3.09,CL,1742079041
47,divnomorskoye,44.5011,38.1353,11.94,64,97,4.21,RU,1742079042
48,non sang,16.8687,102.5664,28.14,52,39,0.7,TH,1742079043
49,zhigalovo,54.8097,105.1578,-15.77,100,97,0.78,RU,1742079044
50,stanley,54.868,-1.6985,-1.38,95,40,1.03,GB,1742079045
51,nova sintra,14.8667,-24.7167,21.86,81,0,3.95,CV,1742079047
52,chernyshevskiy,63.0128,112.4714,-13.45,94,100,3.32,RU,1742079049
53,namibe,-15.1961,12.1522,24.12,77,99,2.48,AO,1742079050
54,yuanping,38.7153,112.7575,-4.68,33,16,2.62,CN,1742079051
55,bredasdorp,-34.5322,20.0403,19.42,88,9,1.43,ZA,1742079052
56,quartu sant'elena,39.2419,9.1839,11.69,74,0,2.06,IT,1742079053
57,al kharj,24.155,47.3346,19.32,19,100,3.13,SA,1742079054
58,biltine,14.5333,20.9167,25.67,15,66,5.96,TD,1742079055
59,pizhou,34.3114,117.9503,2.93,57,100,3.2,CN,1742079056
60,puerto la cruz,10.2167,-64.6167,25.55,86,100,3.72,VE,1742079057
61,arris,35.2588,6.3471,5.55,65,0,1.53,DZ,1742079058
62,altai,46.3722,96.2583,-13.88,30,0,0.67,MN,1742079059
63,hilo,19.7297,-155.09,25.61,87,3,4.47,US,1742079060
64,olonkinbyen,70.9221,-8.7187,-7.93,66,100,5.2,SJ,1742079061
65,kaa-khem,51.6833,94.7333,-15.08,92,100,0.84,RU,1742079062
66,mersing,2.4312,103.8405,24.95,88,40,1.03,MY,1742079063
67,usogorsk,63.4106,48.6872,-4.69,86,100,6.62,RU,1742079064
68,icmeler,40.8464,29.3089,19.5,42,0,3.09,TR,1742079065
69,las lajitas,-24.6833,-64.25,18.5,89,97,1.28,AR,1742079067
70,guerrero negro,27.9769,-114.0611,16.76,55,0,10.06,MX,1742079068
71,turkmenbasy,40.0222,52.9552,10.43,93,40,3.09,TM,1742079069
72,ilulissat,69.2167,-51.1,-23.75,83,6,2.99,GL,1742079070
73,las tablas,7.7667,-80.2833,27.87,99,16,3.39,PA,1742079071
74,noyabrsk,63.1994,75.4507,0.64,84,99,8.51,RU,1742079026
75,aasiaat,68.7098,-52.8699,-18.51,100,40,2.99,GL,1742079073
76,namdrik,5.5994,168.1028,27.28,82,53,8.98,MH,1742079074
77,opuwo,-18.0607,13.84,21.53,66,100,0.09,,1742079075
78,san antonio de pale,-1.4014,5.6325,27.78,78,5,2.46,GQ,1742079076
79,san jose de jachal,-30.2406,-68.7469,24.39,39,2,4.09,AR,1742079077
80,badger,64.8,-147.5333,-5.86,51,20,2.06,US,1742079078
81,howard springs,-12.497,131.047,23.95,100,100,1.3,AU,1742079079
82,port augusta,-32.5,137.7667,24.66,69,100,7.97,AU,1742079080
83,aban,56.67,96.06,-13.2,99,68,2.09,RU,1742079081
84,ust-nera,64.5667,143.2,-29.89,94,61,0.97,RU,1742079082
85,siwa oasis,29.2041,25.5195,23.95,21,0,3.95,EG,1742079083
86,ushuaia,-54.8,-68.3,10.81,54,40,5.66,AR,1742079084
87,sicuani,-14.2694,-71.2261,9.73,85,95,1.5,PE,1742079086
88,sao geraldo do araguaia,-6.4006,-48.555,24.35,94,33,1.43,BR,1742079087
89,tiksi,71.6872,128.8694,-24.3,98,49,2.83,RU,1742079088
90,bay roberts,47.5999,-53.2648,-2.75,56,100,3.13,CA,1742079089
91,kendari,-3.945,122.4989,24.46,94,98,1.31,ID,1742079090
92,aral,40.5156,81.2636,3.56,20,98,3.8,CN,1742079091
93,ierapetra,35.01,25.7353,16.19,67,1,1.34,GR,1742079092
94,grytviken,-54.2811,-36.5092,2.32,88,25,5.22,GS,1742079093
95,machalpur,24.1333,76.3,23.93,31,42,2.94,IN,1742079094
96,saipan,15.1355,145.701,28.69,79,40,5.66,MP,1742079095
97,akjoujt,19.6969,-14.4164,25.03,22,0,5.18,MR,1742079096
98,mogocha,53.7333,119.7667,-15.98,94,100,1.32,RU,1742079097
99,punta arenas,-53.15,-70.9167,13.06,41,0,5.14,CL,1742079098
100,santa cruz,-17.8,-63.1667,30.03,62,20,3.6,BO,1742078906
101,nemuro,43.3236,145.575,-2.37,70,85,0.88,JP,1742079100
102,bilibino,68.0546,166.4372,-26.32,89,51,0.7,RU,1742079101
103,callao,-12.0667,-77.15,27.62,69,40,7.2,PE,1742079103
104,chubek,37.6137,69.7061,12.18,51,18,1.47,TJ,1742079105
105,avarua,-21.2078,-159.775,30.03,79,40,4.63,CK,1742079106
106,kapuskasing,49.4169,-82.4331,10.0,76,75,6.69,CA,1742079108
107,kidal,18.4411,1.4078,31.42,15,51,3.51,ML,1742079109
108,guerrero,17.6667,-100.0,30.02,17,28,1.05,MX,1742079110
109,tura,25.5198,90.2201,19.77,83,0,1.6,IN,1742079111
110,walvis bay,-22.9575,14.5053,18.53,82,28,1.03,,1742079112
111,hithadhoo,-0.6,73.0833,27.65,67,10,0.32,MV,1742079113
112,new norfolk,-42.7826,147.0587,14.84,87,96,2.45,AU,1742079114
113,cunha,-23.0744,-44.9597,18.68,99,95,2.52,BR,1742079115
114,isoka,-10.1606,32.6335,16.64,98,100,1.99,ZM,1742079116
115,georgetown,5.4112,100.3354,27.96,88,20,2.06,MY,1742079117
116,kapa'a,22.0752,-159.319,26.18,78,20,6.69,US,1742079118
117,anadyr,64.75,177.4833,-21.72,64,0,1.0,RU,1742079119
118,cerqueira cesar,-23.0356,-49.1661,20.29,94,91,6.04,BR,1742079120
119,usinsk,65.9939,57.5281,-8.45,82,100,11.2,RU,1742079121
120,okha,53.5739,142.9478,-14.71,94,99,3.95,RU,1742079122
121,bamboo flat,11.7,92.7167,26.48,79,66,2.58,IN,1742079123
122,ravar,31.2656,56.8055,13.56,16,0,1.96,IR,1742079124
123,murudeshwara,14.0943,74.4845,25.13,87,8,1.57,IN,1742079126
124,mazagao,-0.115,-51.2894,24.83,89,56,1.77,BR,1742079127
125,talnakh,69.4865,88.3972,0.34,93,100,10.44,RU,1742079128
126,burutu,5.3509,5.5076,27.34,81,28,3.04,NG,1742079129
127,ribeira grande,38.5167,-28.7,14.22,67,40,15.95,PT,1742079130
128,cockburn town,21.4612,-71.1419,25.98,65,20,5.14,TC,1742079131
129,george town,5.4112,100.3354,27.96,88,20,2.06,MY,1742079132
130,longyearbyen,78.2186,15.6401,-13.09,72,40,1.54,SJ,1742079133
131,medicine hat,50.0501,-110.6683,-1.76,57,100,4.12,CA,1742079134
132,binka,21.0333,83.8,24.96,25,1,0.8,IN,1742079135
133,argostolion,38.1811,20.489,16.53,50,81,6.63,GR,1742079136
134,basawul,34.2475,70.8722,15.81,72,0,1.04,AF,1742079137
135,kerikeri,-35.2268,173.9474,21.85,55,0,2.13,NZ,1742079138
136,kununurra,-15.7667,128.7333,27.99,78,76,0.0,AU,1742079139
137,sidi bel abbes,35.1899,-0.6309,9.66,85,65,2.95,DZ,1742079140
138,mount pearl,47.5166,-52.7813,-3.25,57,75,7.2,CA,1742079141
139,kabalo,-6.05,26.9167,20.06,97,100,1.56,CD,1742079142
140,pangody,65.85,74.4859,-5.2,81,72,11.31,RU,1742079144
141,la'ie,21.6477,-157.9253,26.7,81,57,2.68,US,1742079145
142,ashland,40.8167,-82.2665,19.23,77,99,9.87,US,1742079146
143,benguela,-12.5763,13.4055,26.24,85,69,2.62,AO,1742079147
144,saint-joseph,-21.3667,55.6167,26.21,77,85,3.05,RE,1742079148
145,afaahiti,-17.75,-149.2833,26.6,79,31,7.21,PF,1742079149
146,vegreville,53.5001,-112.0518,-10.97,62,100,1.54,CA,1742079150
147,izumo,35.3667,132.7667,5.94,93,75,2.57,JP,1742079151
148,syanno,54.8106,29.7069,-0.86,65,3,2.07,BY,1742079152
149,dhidhdhoo,6.8833,73.1,28.0,73,11,2.98,MV,1742079153
150,xining,36.6167,101.7667,-6.46,48,89,1.77,CN,1742079154
151,cabo san lucas,22.8909,-109.9124,20.46,58,50,3.11,MX,1742078870
152,bereeda,11.8704,51.0579,24.52,83,0,3.26,SO,1742079156
153,saurimo,-9.6608,20.3916,18.39,94,100,1.26,AO,1742079157
154,lebu,-37.6167,-73.65,13.77,82,50,6.76,CL,1742079158
155,raduzhny,62.0961,77.475,1.22,98,100,6.39,RU,1742079159
156,tripoli,32.8752,13.1875,24.92,20,65,5.14,LY,1742079160
157,tralee,52.2704,-9.7026,4.8,82,48,1.43,IE,1742079161
158,vilyuchinsk,52.9306,158.4028,-2.85,73,70,5.41,RU,1742079163
159,twin falls,42.3505,-114.6445,6.19,49,75,8.75,US,1742079164
160,firuzabad,28.8438,52.5707,13.85,33,100,1.91,IR,1742079165
161,newman,37.3138,-121.0208,16.14,59,70,0.45,US,1742079166
162,ilanskiy,56.2358,96.065,-6.68,99,93,2.12,RU,1742079167
163,hamilton,39.1834,-84.5333,15.23,94,100,2.57,US,1742079168
164,cidreira,-30.1811,-50.2056,21.49,85,23,3.32,BR,1742079169
165,sirajganj,24.45,89.7167,22.97,90,2,4.09,BD,1742079170
166,tazovsky,67.4667,78.7,-3.38,78,91,12.36,RU,1742079171
167,atafu village,-8.5421,-172.5159,28.48,77,77,5.54,TK,1742079172
168,bender,46.8306,29.4711,13.51,69,100,6.02,MD,1742079174
169,moron,-34.6534,-58.6198,21.94,69,0,8.05,AR,1742079175
170,constantia,44.1833,28.65,17.61,47,100,5.51,RO,1742079176
171,lata,40.1629,-8.3327,6.8,95,100,1.5,PT,1742079177
172,darwin,-12.4611,130.8418,23.99,94,75,2.06,AU,1742079178
173,karratha,-20.7377,116.8463,31.27,53,46,2.3,AU,1742079179
174,zeya,53.75,127.2667,-17.83,92,82,0.32,RU,1742079180
175,filadelfia,39.9523,-75.1638,12.94,84,100,2.57,US,1742079182
176,flying fish cove,-10.4217,105.6791,24.82,100,100,2.06,CX,1742079183
177,pacific grove,36.6177,-121.9166,16.05,71,100,3.6,US,1742079184
178,horta,38.5333,-28.6333,13.8,77,40,15.95,PT,1742079185
179,marquette,46.5333,-87.6335,10.75,72,71,4.02,US,1742079186
180,wailua homesteads,22.0669,-159.378,25.44,78,20,6.69,US,1742079187
181,gravenhurst,44.9168,-79.3663,11.1,76,100,6.69,CA,1742079188
182,montagu,-40.7667,144.9667,12.82,77,87,8.67,AU,1742079189
183,petropavlovsk-kamchatsky,53.0452,158.6483,-3.67,46,0,5.0,RU,1742079190
184,volosovo,59.4333,29.4833,-1.18,73,94,6.67,RU,1742079191
185,utmanzai,34.188,71.7629,13.65,80,98,0.27,PK,1742079192
186,edson,53.5835,-116.4356,-8.92,73,100,3.09,CA,1742079193
187,chadan,51.2833,91.5833,-19.72,100,100,0.17,RU,1742079194
188,fort st. john,56.2499,-120.8529,-10.06,57,100,3.6,CA,1742079195
189,luderitz,-26.6481,15.1594,16.47,87,0,4.11,,1742079196
190,manismata,-2.4667,111.0333,23.05,95,100,0.81,ID,1742079197
191,ugoofaaru,5.6667,73.0,27.77,75,19,3.2,MV,1742079198
192,maues,-3.3836,-57.7186,24.15,97,100,1.34,BR,1742079199
193,alzamay,55.5562,98.6644,-13.04,99,88,1.3,RU,1742079201
194,arkhara,49.4212,130.0842,-17.92,98,94,0.62,RU,1742079202
195,ponta delgada,37.7333,-25.6667,14.4,94,75,14.4,PT,1742079203
196,basco,20.4487,121.9702,24.69,86,79,13.41,PH,1742079204
197,antalaha,-14.9003,50.2788,25.18,91,99,1.28,MG,1742079205
198,hailey,43.5196,-114.3153,2.92,38,40,4.63,US,1742079206
199,chonchi,-42.6128,-73.8092,13.4,88,86,0.14,CL,1742079207
200,nagqu,31.5,92.0,-3.43,22,1,9.02,CN,1742079208
201,lompoc,34.6391,-120.4579,17.4,56,0,7.72,US,1742078928
202,vorgashor,67.5833,63.95,-8.85,89,100,12.39,RU,1742079210
203,thongwa,16.7619,96.5278,24.18,56,94,1.05,MM,1742079211
204,chato,-2.6378,31.7669,19.71,82,97,4.39,TZ,1742079212
205,isafjordur,66.0755,-23.124,1.54,96,100,3.94,IS,1742079213
206,qujing,25.4833,103.7833,5.01,89,100,2.05,CN,1742079214
207,kitimat,54.0524,-128.6534,4.39,65,100,1.19,CA,1742079215
208,flekkefjord,58.2971,6.6607,4.05,91,100,4.43,NO,1742079216
209,whitehorse,60.7161,-135.0538,-6.66,47,100,0.0,CA,1742079217
210,papao,-17.75,-149.55,30.82,79,12,7.97,PF,1742079218
211,carutapera,-1.195,-46.02,24.56,93,38,2.43,BR,1742079219
212,margaret river,-33.95,115.0667,15.64,76,3,4.79,AU,1742079221
213,port saint john's,-31.6229,29.5448,21.31,83,100,6.08,ZA,1742079222
214,micheweni,-4.9667,39.8333,27.57,79,49,1.76,TZ,1742079223
215,piotrkow trybunalski,51.4055,19.7032,0.1,71,100,2.49,PL,1742079224
216,chuka,-0.3332,37.6459,18.43,67,90,2.05,KE,1742079225
217,hawaiian paradise park,19.5933,-154.9731,26.73,78,40,4.63,US,1742079226
218,praia da vitoria,38.7333,-27.0667,13.14,94,75,16.49,PT,1742079227
219,houghton,47.1219,-88.569,7.08,96,100,7.72,US,1742079228
220,newnham,-41.3833,147.1333,20.53,88,75,8.75,AU,1742079229
221,colonia,50.9333,6.95,5.53,72,0,4.63,DE,1742079230
222,sisimiut,66.9395,-53.6735,-14.44,80,2,4.15,GL,1742079231
223,tofol,5.3248,163.0078,25.88,89,100,7.2,FM,1742079232
224,enewetak,11.3474,162.3373,26.84,82,89,9.42,MH,1742079233
225,howrah,22.5892,88.3103,27.0,89,20,3.6,IN,1742079234
226,ulladulla,-35.35,150.4667,30.98,36,100,6.17,AU,1742079235
227,sahaswan,28.0833,78.75,19.83,40,78,2.8,IN,1742079236
228,san andres,12.5847,-81.7006,30.01,62,20,2.06,CO,1742079237
229,mandalgarh,25.2,75.1,20.19,35,28,1.56,IN,1742079239
230,nieuw amsterdam,5.8833,-55.0833,28.01,78,20,3.6,SR,1742079240
231,weyburn,49.6668,-103.8511,-9.88,73,5,6.17,CA,1742079241
232,puyang,29.4603,119.8861,7.76,93,100,1.14,CN,1742079242
233,klyuchi,52.2667,79.1667,-11.4,86,5,3.96,RU,1742079243
234,kegen,43.0197,79.2203,-9.74,83,100,2.36,KZ,1742079244
235,qaqortoq,60.7167,-46.0333,-5.13,88,100,0.15,GL,1742079245
236,port mathurin,-19.6833,63.4167,27.24,80,99,2.12,MU,1742079246
237,songling,31.1933,120.7176,5.05,75,39,4.52,CN,1742079247
238,yuzhno-kurilsk,44.0306,145.8556,-2.7,73,78,1.58,RU,1742079248
239,pervomayskiy,53.2485,40.2871,-0.6,90,100,5.39,RU,1742079249
240,kombissiri,12.0656,-1.3375,33.52,25,79,2.91,BF,1742079250
241,santiago de cao,-7.9589,-79.2392,22.07,88,74,4.12,PE,1742079251
242,st. john's,47.5649,-52.7093,-2.79,60,75,7.2,CA,1742079252
243,tileagd,47.0667,22.2,4.75,86,100,2.65,RO,1742079253
244,ancud,-41.8697,-73.8203,12.54,84,71,2.48,CL,1742079254
245,senador guiomard,-10.1522,-67.7392,23.6,95,65,1.71,BR,1742079255
246,bedarieux,43.6155,3.1571,1.6,83,0,2.21,FR,1742079257
247,port lincoln,-34.7333,135.8667,18.65,76,98,9.86,AU,1742079258
248,yanqul,23.5905,56.5501,18.57,24,1,1.65,OM,1742079259
249,parauapebas,-6.0675,-49.9022,24.4,94,7,0.72,BR,1742079260
250,uliastay,47.7417,96.8444,-19.85,59,0,3.42,MN,1742079261
251,kuala belait,4.5833,114.1833,24.98,90,95,1.78,BN,1742079262
252,nyandoma,61.669,40.1991,-4.05,84,100,6.87,RU,1742079263
253,ivanteyevka,55.9711,37.9208,-1.56,100,0,0.66,RU,1742079264
254,kirovskiy,45.0917,133.5136,-5.33,65,95,1.13,RU,1742079265
255,tumpat,6.1978,102.171,25.01,94,20,0.0,MY,1742079266
256,rikaze,29.25,88.8833,0.44,26,5,2.07,CN,1742079267
257,badiyah,22.45,58.8,22.17,21,0,2.98,OM,1742079268
258,port alfred,-33.5906,26.891,20.1,93,95,2.24,ZA,1742079269
259,xiva,41.3783,60.3639,11.95,16,8,2.83,UZ,1742079270
260,timbuktu,16.7735,-3.0074,32.29,13,2,4.87,ML,1742079272
261,quellon,-43.1167,-73.6167,11.82,87,94,1.85,CL,1742079273
262,yerofey pavlovich,53.9667,121.9667,-16.51,92,100,1.45,RU,1742079274
263,crane,31.3974,-102.3501,17.26,18,89,11.16,US,1742079276
264,grand baie,-20.0182,57.5802,28.03,84,82,1.34,MU,1742079277
265,westport,41.1415,-73.3579,8.42,86,100,3.09,US,1742079279
266,selfoss,63.9331,-20.9971,5.02,87,100,2.47,IS,1742079280
267,bereznik,62.8551,42.7072,-2.25,81,100,6.84,RU,1742079281
268,egilsstadir,65.2653,-14.3948,-1.05,93,75,1.54,IS,1742079282
269,port elizabeth,-33.918,25.5701,19.06,95,0,6.17,ZA,1742079283
270,uturoa,-16.7333,-151.4333,28.43,75,13,6.27,PF,1742079284
271,mao,39.8885,4.2658,7.31,87,0,0.0,ES,1742079285
272,steinkjer,64.193,11.3851,-4.19,86,99,7.05,NO,1742079286
273,vila do maio,15.1333,-23.2167,20.7,82,0,6.36,CV,1742079287
274,vuktyl,63.8567,57.3094,-8.23,84,99,6.14,RU,1742079288
275,macau,22.2006,113.5461,15.85,72,40,9.77,MO,1742079289
276,ulanhot,46.0833,122.0833,-9.05,51,0,2.52,CN,1742079290
277,oamaru,-45.0784,170.9801,20.21,87,29,1.58,NZ,1742079291
278,talara,-4.5772,-81.2719,28.42,57,0,6.69,PE,1742079292
279,san ignacio,17.1561,-89.0714,38.08,39,0,2.06,BZ,1742079295
280,excelsior springs,39.3392,-94.2261,5.32,67,100,5.14,US,1742079296
281,camerano,43.5313,13.5516,12.1,88,75,1.03,IT,1742079297
282,south venice,27.0531,-82.4243,26.99,73,0,4.92,US,1742079298
283,tamiahua,21.2667,-97.45,26.07,57,22,4.96,MX,1742079299
284,barreiras,-12.1528,-44.99,31.66,26,70,1.48,BR,1742079300
285,hailar,49.2,119.7,-24.46,100,88,2.69,CN,1742079301
286,siemiatycze,52.4272,22.8623,-0.27,62,82,1.96,PL,1742079302
287,remire-montjoly,4.9167,-52.2667,27.02,83,20,2.06,GF,1742079303
288,benghazi,32.1167,20.0667,24.77,33,0,2.57,LY,1742079304
289,zhalantun,48.0,122.7167,-12.33,78,6,2.78,CN,1742079305
290,qoryooley,1.7878,44.53,25.79,82,6,4.81,SO,1742079306
291,jamestown,42.097,-79.2353,16.12,66,20,6.17,US,1742079307
292,kupang,-10.1667,123.5833,25.32,100,40,1.03,ID,1742079308
293,hermansverk,61.1846,6.8502,5.25,80,100,7.2,NO,1742079309
294,sint michiel liber,12.15,-68.9833,27.9,78,20,5.66,CW,1742079310
295,black point,-34.6187,137.8972,21.28,80,100,8.73,AU,1742079311
296,belyy yar,53.6039,91.3903,-8.06,86,95,0.0,RU,1742079312
297,imbituba,-28.24,-48.6703,19.71,75,100,2.89,BR,1742079314
298,sejenane,37.0572,9.2381,10.2,93,29,2.87,TN,1742079315
299,kinkala,-4.3614,14.7644,22.96,86,76,0.9,CG,1742079316
300,nadi,-17.8,177.4167,30.0,62,40,1.03,FJ,1742079317
301,guiglo,6.5456,-7.4966,24.9,82,73,0.95,CI,1742079318
302,nema,57.5067,50.5011,-8.89,96,26,1.24,RU,1742079319
303,cabedelo,-6.9811,-34.8339,26.37,85,100,5.48,BR,1742079320
304,villamontes,-21.25,-63.5,15.73,99,100,0.36,BO,1742079321
305,ilam,26.9167,87.9167,16.95,57,0,2.86,NP,1742079322
306,suva,-18.1416,178.4415,30.71,74,40,3.6,FJ,1742079323
307,coquimbo,-29.9533,-71.3436,19.85,82,20,5.14,CL,1742079324
308,muynoq,43.7683,59.0214,10.95,32,87,3.77,UZ,1742079325
309,chibougamau,49.9168,-74.3659,8.79,53,100,4.63,CA,1742079326
310,sao vicente,-23.9631,-46.3919,24.43,26,100,2.94,BR,1742079327
311,borogontsy,62.6683,131.1683,-18.73,96,99,2.39,RU,1742079328
312,keflavik,64.0049,-22.5624,6.24,93,100,5.66,IS,1742079329
313,broken hill,-31.95,141.4333,30.97,22,100,9.26,AU,1742079330
314,kingston,17.997,-76.7936,28.53,65,20,5.14,JM,1742079332
315,palmer,42.1584,-72.3287,10.71,72,100,6.17,US,1742079333
316,bhagalpur,25.25,87.0,22.05,34,1,1.35,IN,1742079334
317,saint-felix-de-valois,46.1668,-73.4324,1.0,100,100,2.68,CA,1742079335
318,lumut,4.2323,100.6298,26.01,94,20,0.0,MY,1742079336
319,podujeva,42.9106,21.1931,14.42,65,97,1.11,XK,1742079337
320,piacabucu,-10.4056,-36.4344,27.14,76,19,5.81,BR,1742079338
321,sur,22.5667,59.5289,23.43,41,0,2.38,OM,1742079339
322,cole harbour,44.6724,-63.4751,4.66,90,69,4.63,CA,1742079340
323,kangding,30.0513,101.9603,-3.67,94,98,1.11,CN,1742079341
324,kruisfontein,-34.0033,24.7314,19.59,82,79,0.78,ZA,1742079342
325,bodo,67.28,14.405,-3.64,95,100,5.14,NO,1742079343
326,mejit,10.2753,170.8646,26.78,82,87,8.98,MH,1742079344
327,santa vitoria do palmar,-33.5189,-53.3681,17.76,79,19,2.81,BR,1742079345
328,nadym,65.5333,72.5167,-5.57,80,42,11.93,RU,1742079347
329,eyl,7.9803,49.8164,24.9,82,5,5.27,SO,1742079348
330,tangalle,6.024,80.7911,25.39,86,80,2.68,LK,1742079350
331,margate,51.3813,1.3862,4.37,72,6,1.34,GB,1742079351
332,drayton valley,53.2168,-114.9854,-7.06,77,100,3.55,CA,1742079352
333,gwadar,25.1216,62.3254,23.4,44,0,1.09,PK,1742079353
334,alice town,25.7167,-79.3,24.28,74,0,7.48,BS,1742079354
335,port douglas,-16.4833,145.4667,25.08,92,100,4.87,AU,1742079355
336,ola,59.5833,151.2833,-21.5,73,27,2.64,RU,1742079357
337,moranbah,-22.0016,148.0466,22.77,81,100,7.05,AU,1742079358
338,mugia,43.1041,-9.2179,8.28,66,7,8.5,ES,1742079359
339,birni n konni,13.7956,5.2553,30.1,12,99,4.2,NE,1742079360
340,portland,45.5234,-122.6762,9.21,88,100,3.13,US,1742079162
341,vila franca do campo,37.7167,-25.4333,14.23,91,100,9.35,PT,1742079362
342,akureyri,65.6835,-18.0878,1.96,93,20,1.03,IS,1742079363
343,sinabang,2.4803,96.3801,24.82,92,100,2.25,ID,1742079364
344,christchurch,-43.5333,172.6333,21.64,73,0,3.6,NZ,1742079366
345,morehead,37.2711,-87.1764,14.86,99,75,1.54,US,1742079367
346,swakopmund,-22.6833,14.5333,17.99,86,29,2.92,,1742079368
347,vadso,70.0744,29.7487,-9.91,79,89,3.09,NO,1742079369
348,weno,7.4515,151.8468,27.92,80,100,9.89,FM,1742079370
349,mobara,35.4167,140.3,10.06,92,100,5.26,JP,1742079371
350,solwezi,-12.1688,26.3894,15.94,99,100,1.19,ZM,1742079372
351,fortuna,40.5982,-124.1573,12.42,92,100,5.14,US,1742079373
352,sodra sandby,56.5667,16.6167,2.72,80,8,7.07,SE,1742079374
353,yeniseysk,58.4497,92.1703,-16.92,100,94,1.46,RU,1742079375
354,amos,48.5669,-78.1162,4.46,99,100,5.92,CA,1742079376
355,palanga,55.9175,21.0686,2.01,80,24,3.09,LT,1742079377
356,laguna,38.421,-121.4238,16.13,55,100,3.6,US,1742079378
357,ngambe,4.2333,10.6167,21.97,97,44,0.99,CM,1742079379
358,ust'-kut,56.7938,105.7672,-12.67,99,100,0.63,RU,1742079380
359,dubbo,-32.25,148.6167,29.07,34,40,6.69,AU,1742079381
360,nguigmi,14.2495,13.1092,27.35,15,100,5.61,NE,1742079382
361,copala,16.65,-98.9833,26.66,63,28,4.22,MX,1742079383
362,richards bay,-28.783,32.0377,20.99,80,100,0.92,ZA,1742079385
363,lhokseumawe,5.1801,97.1507,24.81,88,100,1.84,ID,1742079386
364,zorgo,12.2489,-0.6158,35.55,23,74,2.92,BF,1742079387
365,touros,-5.1989,-35.4608,26.25,83,100,4.19,BR,1742079388
366,rio grande,-32.035,-52.0986,20.97,81,2,4.78,BR,1742079389
367,corral de almaguer,39.7545,-3.1865,5.97,72,89,4.4,ES,1742079390
368,djambala,-2.5447,14.7533,21.75,75,60,0.74,CG,1742079391
369,kyren,51.6828,102.1408,-7.86,86,97,0.84,RU,1742079392
370,quesnel,52.9999,-122.5029,1.28,60,0,2.57,CA,1742079393
371,tweed heads,-28.1817,153.547,26.77,73,48,3.6,AU,1742079394
372,los llanos de aridane,28.6585,-17.9182,14.86,83,0,3.13,ES,1742079395
373,colares,38.7992,-9.4469,11.29,78,66,8.66,PT,1742079396
374,trevelin,-43.0858,-71.4639,15.03,61,38,2.39,AR,1742079397
375,minas de marcona,-15.2119,-75.1103,19.18,67,52,6.57,PE,1742079398
376,al jawf,29.5,38.75,19.34,35,0,2.79,SA,1742079399
377,paris,48.8534,2.3488,6.28,60,0,6.17,FR,1742079401
378,thinadhoo,0.5333,72.9333,27.85,70,15,1.06,MV,1742079402
379,ciudad lazaro cardenas,17.9583,-102.2,26.77,66,23,4.6,MX,1742079403
380,tamanrasset,22.785,5.5228,21.95,28,40,2.57,DZ,1742079404
381,kapit,2.0167,112.9333,22.77,100,100,0.64,MY,1742079406
382,narrabri,-30.3167,149.7833,26.4,59,31,1.34,AU,1742079407
383,forster,-32.1667,152.5167,24.05,56,100,3.18,AU,1742079408
384,tapa,59.2606,25.9586,-0.16,76,100,6.56,EE,1742079409
385,saint helena,-15.95,-5.7,20.85,78,98,6.99,SH,1742079410
386,nkhata bay,-11.6066,34.2907,22.64,85,100,2.41,MW,1742079411
387,assab,13.0092,42.7394,26.12,66,8,10.68,ER,1742079412
388,amahai,-3.3333,128.9167,26.53,81,100,1.55,ID,1742079413
389,jackson,42.4165,-122.8345,9.28,79,100,4.63,US,1742079414
390,kamaishi,39.2667,141.8833,4.33,73,100,2.43,JP,1742079415
391,marvejols,44.5538,3.2914,0.49,81,89,2.04,FR,1742079416
392,boguchany,58.3814,97.4531,-3.56,97,100,1.54,RU,1742079417
393,alice springs,-23.7,133.8833,26.75,29,59,0.0,AU,1742079418
394,bridgewater,44.3835,-64.5155,4.26,100,83,4.63,CA,1742079419
395,lorengau,-2.0226,147.2712,29.74,65,84,6.12,PG,1742079420
396,novyy urgal,51.0736,132.5642,-16.26,93,100,0.29,RU,1742079421
397,magadan,59.5667,150.8,-20.46,72,16,1.85,RU,1742079093
398,florida,28.7505,-82.5001,25.88,72,40,3.6,US,1742079424
399,taltal,-25.4,-70.4833,20.59,81,20,2.59,CL,1742079425
400,kingman,35.1894,-114.053,13.98,24,3,1.79,US,1742079426
401,kurumkan,54.3,110.3,-15.6,91,66,1.98,RU,1742079427
402,aginskoye,51.1,114.53,-10.21,84,100,3.91,RU,1742079428
403,san fernando,15.0286,120.6898,24.85,79,82,1.58,PH,1742079429
404,bafq,31.6128,55.4107,14.08,19,1,0.91,IR,1742079430
405,salinopolis,-0.6136,-47.3561,26.29,86,18,3.72,BR,1742079431
406,tulun,54.5611,100.5792,-12.85,99,89,0.79,RU,1742079433
407,gorontalo,0.5412,123.0595,24.74,96,100,1.11,ID,1742079434
408,impfondo,1.6381,18.0667,24.45,63,94,1.12,CG,1742079435
409,dryden,49.7833,-92.7503,-7.84,79,100,4.63,CA,1742079436
410,pangai,-19.8,-174.35,27.26,83,100,6.94,TO,1742079437
411,mount isa,-20.7333,139.5,28.87,54,20,4.63,AU,1742079438
412,st. thomas,42.7736,-81.1804,16.81,70,100,6.58,CA,1742079439
413,sidi khaled,34.387,4.9879,14.81,48,24,3.07,DZ,1742079442
414,mbanza-ngungu,-5.25,14.8667,21.25,94,99,0.94,CD,1742079443
415,kodiak,57.79,-152.4072,5.73,61,20,5.66,US,1742079444
416,mareeba,-17.0,145.4333,21.99,96,100,1.72,AU,1742079445
417,zouerate,22.7187,-12.4521,20.86,28,0,3.97,MR,1742079447
418,nikolayevsk-on-amure,53.1406,140.73,-11.83,88,100,1.45,RU,1742079448
419,kasungu,-13.0333,33.4833,17.08,97,100,1.81,MW,1742079449
420,rabaul,-4.1967,152.1721,28.15,71,72,1.08,PG,1742079450
421,palikir - national government center,6.9248,158.1611,27.19,86,100,5.14,FM,1742079451
422,fada,7.25,4.0667,25.05,89,91,1.34,NG,1742079452
423,pitimbu,-7.4706,-34.8086,27.23,79,100,5.32,BR,1742079453
424,puerto deseado,-47.7503,-65.8938,12.89,66,100,6.1,AR,1742079454
425,tateyama,34.9833,139.8667,6.96,100,75,6.69,JP,1742079455
426,rosamond,34.8641,-118.1634,14.92,41,0,10.8,US,1742079456
427,cidade velha,14.9167,-23.6167,20.26,83,20,6.69,CV,1742079457
428,ingeniero guillermo n. juarez,-23.9,-61.85,23.53,68,86,2.3,AR,1742079458
429,apatity,67.5641,33.4031,-15.59,97,93,2.06,RU,1742079459
430,holualoa,19.6228,-155.9522,24.91,66,0,6.17,US,1742079461
431,olinda,-8.0089,-34.8553,28.85,79,75,4.12,BR,1742079462
432,brookings,44.3114,-96.7984,2.32,48,0,13.89,US,1742079317
433,skovorodino,53.9833,123.9167,-18.82,98,100,1.02,RU,1742079464
434,yeppoon,-23.1333,150.7333,25.98,71,100,6.83,AU,1742079465
435,bukama,-9.2,25.85,19.18,98,100,0.15,CD,1742079466
436,hami,42.8,93.45,0.05,24,0,2.67,CN,1742079467
437,tindouf,27.6711,-8.1474,17.25,36,0,7.2,DZ,1742079468
438,port-vila,-17.7338,168.3219,25.78,94,100,1.03,VU,1742079469
439,saint-philippe,-21.3585,55.7679,26.89,80,78,6.31,RE,1742079470
440,puttaparthi,14.1652,77.8117,22.83,47,0,1.52,IN,1742079471
441,skowhegan,44.7651,-69.7192,5.59,90,74,3.23,US,1742079472
442,lobujya,27.95,86.8167,-15.41,69,70,2.4,NP,1742079473
443,tari,-11.1105,14.3559,19.17,85,94,0.93,AO,1742079474
444,sarmiento,-45.5882,-69.07,20.29,28,42,2.56,AR,1742079475
445,praia,14.9215,-23.5087,20.3,83,20,6.69,CV,1742079476
446,san agustin de valle fertil,-30.6335,-67.4682,21.06,66,49,5.55,AR,1742079477
447,iskateley,67.6803,53.1512,-9.48,86,99,8.3,RU,1742079479
448,khovd,48.0056,91.6419,-14.64,80,5,0.92,MN,1742079480
449,sinop,41.7711,34.8709,15.98,49,65,5.03,TR,1742079481
450,alofi,-19.0595,-169.9187,30.94,70,75,6.17,NU,1742079482
451,crescent city,41.756,-124.2018,10.27,96,100,10.29,US,1742079483
452,fort bragg,35.139,-79.006,24.75,54,0,3.6,US,1742079484
453,leava,-14.3,-178.1667,28.43,78,56,6.34,WF,1742079485
454,sumusta as sultani,28.9167,30.85,19.87,44,0,5.42,EG,1742079486
455,moengo,5.6167,-54.4,24.39,88,64,1.44,SR,1742079487
456,baidoa,3.1138,43.6498,24.95,80,12,6.74,SO,1742079488
457,gazojak,41.1875,61.4036,11.83,25,6,2.36,TM,1742079490
458,vernon,50.2581,-119.2691,3.85,86,100,1.34,CA,1742079491
459,wellington,-41.2866,174.7756,19.81,77,100,10.29,NZ,1742079492
460,faisalabad,31.4167,73.0833,15.14,80,0,3.08,PK,1742079493
461,tolanaro,-25.0319,46.9987,23.92,87,100,6.8,MG,1742079494
462,fale old settlement,-9.3852,-171.2468,28.71,75,36,4.63,TK,1742079495
463,ad dabbah,18.05,30.95,25.29,14,0,4.56,SD,1742079496
464,tabuk,17.4189,121.4443,22.08,85,57,0.79,PH,1742079498
465,tenenkou,14.4572,-4.9169,33.02,25,42,3.05,ML,1742079499
466,gaoping,30.7758,106.1029,9.58,57,96,4.3,CN,1742079500
467,bandarbeyla,9.4942,50.8122,25.6,80,13,4.9,SO,1742079501
468,katsuura,35.1333,140.3,11.4,90,100,11.47,JP,1742079282
469,puerto baquerizo moreno,-0.9,-89.6,28.55,74,75,2.57,EC,1742079503
470,punta del este,-34.9667,-54.95,20.49,69,0,3.13,UY,1742079504
471,noumea,-22.2763,166.4572,26.11,99,100,5.69,NC,1742079505
472,vorkuta,67.5,64.0,-8.76,89,100,12.33,RU,1742079506
473,noosa heads,-26.3833,153.15,24.94,63,17,2.64,AU,1742079451
474,at taraf,25.3628,49.725,18.3,38,98,1.84,SA,1742079508
475,salekhard,66.53,66.6019,-7.45,77,97,11.45,RU,1742079509
476,la plata,-34.9215,-57.9545,18.95,66,100,3.97,AR,1742079510
477,sao jose da coroa grande,-8.8978,-35.1478,26.55,80,99,3.85,BR,1742079511
478,shingu,33.7333,135.9833,12.42,95,100,7.83,JP,1742079512
479,queenstown,-31.8976,26.8753,16.45,90,100,0.74,ZA,1742079513
480,chota,-6.55,-78.65,13.01,97,100,1.12,PE,1742079515
481,nainpur,22.4333,80.1167,24.71,27,53,0.13,IN,1742079516
482,mahibadhoo,3.7833,72.9667,28.31,74,7,3.54,MV,1742079517
483,aldan,58.6031,125.3894,-12.38,96,100,3.07,RU,1742079518
484,kolokani,13.5728,-8.0339,30.23,28,66,3.38,ML,1742079519
485,conception bay south,47.4999,-52.9981,-2.92,57,100,5.45,CA,1742079520
486,barra do bugres,-15.0725,-57.1811,26.59,76,74,1.02,BR,1742079521
487,khadan khak,30.7477,67.7085,7.85,58,31,2.89,PK,1742079522
488,bafra,41.5678,35.9069,18.64,43,100,3.4,TR,1742079523
489,daru,-9.0763,143.2092,25.31,93,99,3.73,PG,1742079524
490,antigonish,45.6169,-61.9986,3.23,77,73,3.74,CA,1742079525
491,verdal,63.7933,11.4817,-2.34,85,100,6.64,NO,1742079526
492,myaydo,19.3667,95.2167,24.26,41,2,0.61,MM,1742079527
493,geraldton,-28.7667,114.6,20.23,77,0,5.66,AU,1742079528
494,mount gambier,-37.8333,140.7667,14.49,75,97,6.57,AU,1742079529
495,carnarvon,-24.8667,113.6333,26.17,44,26,7.72,AU,1742079530
496,uyuni,-20.4597,-66.825,13.14,29,17,2.48,BO,1742079531
497,mermoz boabab,14.7065,-17.4758,19.88,83,0,3.09,SN,1742079534
498,nantucket,41.2835,-70.0995,5.06,93,100,4.12,US,1742079476
499,kourou,5.1552,-52.6478,25.02,88,63,2.41,GF,1742079536
500,mecca,21.4267,39.8261,25.4,46,0,1.34,SA,1742079537
501,misratah,32.3754,15.0925,21.2,52,5,0.84,LY,1742079538
502,turpan,42.9333,89.1667,1.92,18,0,0.49,CN,1742079539
503,utrik,11.2278,169.8474,26.83,78,94,8.98,MH,1742079540
504,valparaiso,-33.0393,-71.6273,20.13,73,40,4.12,CL,1742079541
505,tsiombe,-25.3,45.4833,22.6,89,94,7.16,MG,1742079542
506,dongcun,36.7767,121.1597,1.13,39,72,7.0,CN,1742079543
507,srivardhan,18.0333,73.0167,25.8,64,2,4.23,IN,1742079544
508,san martin de los andes,-40.1604,-71.3486,11.94,59,24,2.69,AR,1742079545
509,luis correia,-2.8792,-41.6669,25.45,90,52,4.06,BR,1742079546
510,gueckedou,8.6667,-10.25,22.94,88,90,0.62,GN,1742079547
511,zinjibar,13.1287,45.3807,24.98,77,0,4.74,YE,1742079548
512,jaru,-10.4389,-62.4664,24.74,90,89,0.96,BR,1742079551
513,okhotsk,59.3833,143.3,-20.01,77,3,6.21,RU,1742079552
514,fier-cifci,40.7167,19.5667,17.17,65,100,3.0,AL,1742079553
515,chegdomyn,51.1167,133.0167,-14.63,93,100,0.64,RU,1742079554
516,puerto maldonado,-12.6,-69.1833,29.22,74,40,1.54,PE,1742079555
517,hoeyang,38.7103,127.5983,-0.77,96,100,1.87,KP,1742079556
518,tongchuan,35.0806,109.0897,-1.22,26,2,2.66,CN,1742079557
519,les cayes,18.2,-73.75,26.24,73,42,3.31,HT,1742079558
520,ta`u,-14.2336,-169.5144,28.69,75,7,6.46,AS,1742079559
521,haiku-pauwela,20.9219,-156.3051,27.01,71,40,11.62,US,1742079560
522,island harbour,50.724,-1.2758,2.79,74,31,2.68,GB,1742079561
523,enshi,30.3,109.4833,8.91,93,100,0.13,CN,1742079562
524,auki,-8.7676,160.7034,28.82,72,99,1.82,SB,1742079563
525,undurkhaan,47.3194,110.6556,-7.2,40,45,2.36,MN,1742079564
526,quepos,9.4236,-84.1652,28.65,67,74,1.81,CR,1742079565
527,qina,26.1642,32.7267,24.21,26,0,2.96,EG,1742079566
528,arenapolis,-14.4503,-56.8461,24.83,85,95,0.81,BR,1742079567
529,bekalta,35.6174,10.9947,16.01,72,14,8.39,TN,1742079568
530,nuku'alofa,-21.1333,-175.2,27.19,89,75,3.6,TO,1742079570
531,thomasville,35.8826,-80.082,17.66,89,88,0.89,US,1742079571
532,bayanhongor,46.7167,100.1167,-26.37,80,13,1.24,MN,1742079572
533,verkhotur'ye,58.8627,60.8054,-0.96,86,100,3.55,RU,1742079573
534,el dovio,4.5079,-76.2362,18.13,94,98,2.2,CO,1742079574
535,nelson bay,-32.7167,152.15,27.84,78,100,1.34,AU,1742079575
536,chum phae,16.5443,102.0992,26.85,53,32,1.69,TH,1742079576
537,wenchang,30.904,118.4887,7.6,89,100,3.64,CN,1742079577
538,sidney,-33.8679,151.2073,29.86,51,0,3.09,AU,1742079329
539,champerico,14.3,-91.9167,29.18,62,53,5.24,GT,1742079580
540,kudahuvadhoo,2.6708,72.8944,27.77,73,41,2.67,MV,1742079581
541,pak phanang,8.3511,100.202,25.11,84,91,1.07,TH,1742079582
542,klaksvik,62.2266,-6.589,5.37,71,100,4.02,FO,1742079583
543,mossel bay,-34.1831,22.146,21.43,83,100,2.62,ZA,1742079584
544,dehloran,32.6941,47.2679,21.94,34,100,0.97,IR,1742079586
545,betio village,1.358,172.9211,30.02,85,28,7.89,KI,1742079587
546,xuddur,4.1213,43.8894,24.46,73,0,7.83,SO,1742079588
547,el bauga,18.262,33.9081,24.73,22,0,4.93,SD,1742079589
548,gobabis,-22.45,18.9667,20.05,78,20,4.06,,1742079590
549,el fasher,13.6279,25.3494,22.64,16,41,4.41,SD,1742079591
550,luanda,-8.8368,13.2343,27.0,78,20,2.06,AO,1742079592
551,mont-laurier,46.5501,-75.4993,3.33,100,100,1.73,CA,1742079593
552,saint-louis,16.3333,-15.0,28.58,16,6,4.91,SN,1742079594
553,aykhal,66.0,111.5,-11.1,93,100,9.96,RU,1742079595
554,acarau,-2.8856,-40.12,25.68,86,21,4.17,BR,1742079596
555,zhob,31.3411,69.4481,11.36,61,65,0.52,PK,1742079597
556,porbandar,21.6422,69.6093,24.07,76,0,4.15,IN,1742079599
557,ofunato,39.0717,141.7167,5.33,55,100,2.29,JP,1742079600
558,persembe,41.0656,37.7714,17.47,47,77,3.81,TR,1742079601
559,baikonur,45.6167,63.3167,8.88,60,100,3.62,KZ,1742079602
560,kailua-kona,19.6406,-155.9956,28.49,64,0,6.17,US,1742079579
561,alaior,39.9303,4.1404,11.11,87,0,0.0,ES,1742079605
562,laojunmiao,39.8333,97.7333,-6.12,28,76,1.84,CN,1742079606
563,banda aceh,5.5577,95.3222,26.04,80,69,1.92,ID,1742079607
564,huarmey,-10.0681,-78.1522,23.95,74,59,4.59,PE,1742079608
565,nova vicosa,-17.8919,-39.3719,25.66,79,0,4.06,BR,1742079610
566,loreto,22.2667,-101.9667,25.26,7,33,9.93,MX,1742079611
567,casas grandes,30.3667,-107.95,14.28,22,44,14.59,MX,1742079612
568,shenjiamen,29.9576,122.298,7.67,72,100,8.15,CN,1742079613
569,belmonte,-15.8631,-38.8828,25.39,79,14,3.77,BR,1742079614
570,grantsville,40.5999,-112.4644,7.99,46,75,6.17,US,1742079615
571,lihue,21.9789,-159.3672,25.41,77,100,3.24,US,1742079616
572,taishan,22.2514,112.7799,13.27,65,28,6.72,CN,1742079617
573,ouani,-12.1322,44.4258,27.54,80,16,3.67,KM,1742079618
574,kuching,1.55,110.3333,25.64,96,20,0.0,MY,1742079619
575,key west,24.5557,-81.7826,26.67,78,0,6.71,US,1742079620
576,nueve de julio,-35.4444,-60.8831,16.02,87,100,3.15,AR,1742079621
577,santyoku,37.4406,129.1708,4.93,94,100,3.05,KR,1742079622
578,santa ana,33.7456,-117.8678,20.27,53,20,4.12,US,1742079600
579,verkhnevilyuysk,63.4453,120.3167,-22.03,100,90,1.47,RU,1742079626
580,mili,6.0815,171.735,27.28,81,41,9.94,MH,1742079627
581,morondava,-20.2833,44.2833,24.72,90,100,4.38,MG,1742079628
582,tashtyp,52.7939,89.8983,-7.45,95,100,0.58,RU,1742079629
583,spring creek,40.7266,-115.5859,3.23,59,100,2.24,US,1742079630
584,taoudenni,22.6783,-3.9836,25.34,19,0,4.84,ML,1742079631
585,save,8.0425,2.486,28.56,68,81,2.43,BJ,1742079632
586,la libertad,-2.2333,-80.9,27.81,83,75,1.54,EC,1742079633
587,linton,39.0348,-87.1658,14.53,94,100,3.83,US,1742079634
588,wonsan,39.1528,127.4436,1.01,99,100,3.71,KP,1742079635
589,san patricio,28.017,-97.5169,26.61,20,1,6.97,US,1742079636
590,sao jose de piranhas,-7.1206,-38.5019,24.06,84,97,1.34,BR,1742079637
591,koksan,38.7819,126.6664,0.7,95,100,0.97,KP,1742079638
592,bozuyuk,39.9078,30.0367,14.72,44,81,3.76,TR,1742079639
593,asilah,35.465,-6.0348,12.89,75,10,4.98,MA,1742079640
594,langarud,37.197,50.1535,16.72,61,95,1.39,IR,1742079642
